<?xml version="1.0"?>
<!DOCTYPE package-info SYSTEM "http://www.elkarte.net/site/package-info">
<package-info xmlns="http://www.elkarte.net/site/package-info" xmlns:elk="http://www.elkarte.net/">
	<!--
/**
 * @name      ElkArte Forum Polish translation
 * @copyright ElkArte Forum Polish translation contributors
 * @license   BSD http://opensource.org/licenses/BSD-3-Clause
 */
 -->
	<id>elk_polish_contribs:elk_polish</id>
	<name>ElkArte Forum Polish translation</name>
	<version>1.1.3</version>
	<type>language</type>
	<install for="1.1 - 1.1.99">
		<require-dir name="polish" destination="LANGUAGEDIR" />
		<require-file name="agreement.polish.txt" destination="BOARDDIR" />
	</install>
	<uninstall for="1.1 - 1.1.99">
		<remove-dir name="LANGUAGEDIR/polish" />
		<remove-dir name="BOARDDIR/agreement.polish.txt" />
	</uninstall>
</package-info>