<?xml version="1.0"?>
<!DOCTYPE package-info SYSTEM "http://www.elkarte.net/site/package-info">
<package-info xmlns="http://www.elkarte.net/site/package-info" xmlns:elk="http://www.elkarte.net/">
	<!--
/**
 * @name      ElkArte Forum Urdu-pakistan translation
 * @copyright ElkArte Forum Urdu-pakistan translation contributors
 * @license   BSD http://opensource.org/licenses/BSD-3-Clause
 */
 -->
	<id>elk_urdu-pakistan_contribs:elk_urdu-pakistan</id>
	<name>ElkArte Forum Urdu-pakistan translation</name>
	<version>1.1.3</version>
	<type>language</type>
	<install for="1.1 - 1.1.99">
		<require-dir name="urdu-pakistan" destination="LANGUAGEDIR" />
		<require-file name="agreement.urdu-pakistan.txt" destination="BOARDDIR" />
	</install>
	<uninstall for="1.1 - 1.1.99">
		<remove-dir name="LANGUAGEDIR/urdu-pakistan" />
		<remove-dir name="BOARDDIR/agreement.urdu-pakistan.txt" />
	</uninstall>
</package-info>