<?xml version="1.0"?>
<!DOCTYPE package-info SYSTEM "http://www.elkarte.net/site/package-info">
<package-info xmlns="http://www.elkarte.net/site/package-info" xmlns:elk="http://www.elkarte.net/">
	<!--
/**
 * @name      ElkArte Forum Hungarian translation
 * @copyright ElkArte Forum Hungarian translation contributors
 * @license   BSD http://opensource.org/licenses/BSD-3-Clause
 */
 -->
	<id>elk_hungarian_contribs:elk_hungarian</id>
	<name>ElkArte Forum Hungarian translation</name>
	<version>1.1.3</version>
	<type>language</type>
	<install for="1.1 - 1.1.99">
		<require-dir name="hungarian" destination="LANGUAGEDIR" />
		<require-file name="agreement.hungarian.txt" destination="BOARDDIR" />
	</install>
	<uninstall for="1.1 - 1.1.99">
		<remove-dir name="LANGUAGEDIR/hungarian" />
		<remove-dir name="BOARDDIR/agreement.hungarian.txt" />
	</uninstall>
</package-info>