<?xml version="1.0"?>
<!DOCTYPE package-info SYSTEM "http://www.elkarte.net/site/package-info">
<package-info xmlns="http://www.elkarte.net/site/package-info" xmlns:elk="http://www.elkarte.net/">
	<!--
/**
 * @name      ElkArte Forum Serbian_latin translation
 * @copyright ElkArte Forum Serbian_latin translation contributors
 * @license   BSD http://opensource.org/licenses/BSD-3-Clause
 */
 -->
	<id>elk_serbian_latin_contribs:elk_serbian_latin</id>
	<name>ElkArte Forum Serbian_latin translation</name>
	<version>1.1.3</version>
	<type>language</type>
	<install for="1.1 - 1.1.99">
		<require-dir name="serbian_latin" destination="LANGUAGEDIR" />
		<require-file name="agreement.serbian_latin.txt" destination="BOARDDIR" />
	</install>
	<uninstall for="1.1 - 1.1.99">
		<remove-dir name="LANGUAGEDIR/serbian_latin" />
		<remove-dir name="BOARDDIR/agreement.serbian_latin.txt" />
	</uninstall>
</package-info>