<?xml version="1.0"?>
<!DOCTYPE package-info SYSTEM "http://www.elkarte.net/site/package-info">
<package-info xmlns="http://www.elkarte.net/site/package-info" xmlns:elk="http://www.elkarte.net/">
	<!--
/**
 * @name      ElkArte Forum Chinese-china translation
 * @copyright ElkArte Forum Chinese-china translation contributors
 * @license   BSD http://opensource.org/licenses/BSD-3-Clause
 */
 -->
	<id>elk_chinese-china_contribs:elk_chinese-china</id>
	<name>ElkArte Forum Chinese-china translation</name>
	<version>1.1.3</version>
	<type>language</type>
	<install for="1.1 - 1.1.99">
		<require-dir name="chinese-china" destination="LANGUAGEDIR" />
		<require-file name="agreement.chinese-china.txt" destination="BOARDDIR" />
	</install>
	<uninstall for="1.1 - 1.1.99">
		<remove-dir name="LANGUAGEDIR/chinese-china" />
		<remove-dir name="BOARDDIR/agreement.chinese-china.txt" />
	</uninstall>
</package-info>