<?xml version="1.0"?>
<!DOCTYPE package-info SYSTEM "http://www.elkarte.net/site/package-info">
<package-info xmlns="http://www.elkarte.net/site/package-info" xmlns:elk="http://www.elkarte.net/">
	<!--
/**
 * @name      ElkArte Forum Arabic translation
 * @copyright ElkArte Forum Arabic translation contributors
 * @license   BSD http://opensource.org/licenses/BSD-3-Clause
 */
 -->
	<id>elk_arabic_contribs:elk_arabic</id>
	<name>ElkArte Forum Arabic translation</name>
	<version>1.1.3</version>
	<type>language</type>
	<install for="1.1 - 1.1.99">
		<require-dir name="arabic" destination="LANGUAGEDIR" />
		<require-file name="agreement.arabic.txt" destination="BOARDDIR" />
	</install>
	<uninstall for="1.1 - 1.1.99">
		<remove-dir name="LANGUAGEDIR/arabic" />
		<remove-dir name="BOARDDIR/agreement.arabic.txt" />
	</uninstall>
</package-info>