<?xml version="1.0"?>
<!DOCTYPE package-info SYSTEM "http://www.elkarte.net/site/package-info">
<package-info xmlns="http://www.elkarte.net/site/package-info" xmlns:elk="http://www.elkarte.net/">
	<!--
/**
 * @name      ElkArte Forum Turkish translation
 * @copyright ElkArte Forum Turkish translation contributors
 * @license   BSD http://opensource.org/licenses/BSD-3-Clause
 */
 -->
	<id>elk_turkish_contribs:elk_turkish</id>
	<name>ElkArte Forum Turkish translation</name>
	<version>1.1.3</version>
	<type>language</type>
	<install for="1.1 - 1.1.99">
		<require-dir name="turkish" destination="LANGUAGEDIR" />
		<require-file name="agreement.turkish.txt" destination="BOARDDIR" />
	</install>
	<uninstall for="1.1 - 1.1.99">
		<remove-dir name="LANGUAGEDIR/turkish" />
		<remove-dir name="BOARDDIR/agreement.turkish.txt" />
	</uninstall>
</package-info>