<?xml version="1.0"?>
<!DOCTYPE package-info SYSTEM "http://www.elkarte.net/site/package-info">
<package-info xmlns="http://www.elkarte.net/site/package-info" xmlns:elk="http://www.elkarte.net/">
	<!--
/**
 * @name      ElkArte Forum Cs_CZ translation
 * @copyright ElkArte Forum Cs_CZ translation contributors
 * @license   BSD http://opensource.org/licenses/BSD-3-Clause
 */
 -->
	<id>elk_cs_CZ_contribs:elk_cs_CZ</id>
	<name>ElkArte Forum Cs_CZ translation</name>
	<version>1.1.3</version>
	<type>language</type>
	<install for="1.1 - 1.1.99">
		<require-dir name="cs_CZ" destination="LANGUAGEDIR" />
		<require-file name="agreement.cs_CZ.txt" destination="BOARDDIR" />
	</install>
	<uninstall for="1.1 - 1.1.99">
		<remove-dir name="LANGUAGEDIR/cs_CZ" />
		<remove-dir name="BOARDDIR/agreement.cs_CZ.txt" />
	</uninstall>
</package-info>