<?xml version="1.0"?>
<!DOCTYPE package-info SYSTEM "http://www.elkarte.net/site/package-info">
<package-info xmlns="http://www.elkarte.net/site/package-info" xmlns:elk="http://www.elkarte.net/">
	<!--
/**
 * @name      ElkArte Forum Portuguese translation
 * @copyright ElkArte Forum Portuguese translation contributors
 * @license   BSD http://opensource.org/licenses/BSD-3-Clause
 */
 -->
	<id>elk_portuguese_contribs:elk_portuguese</id>
	<name>ElkArte Forum Portuguese translation</name>
	<version>1.1.3</version>
	<type>language</type>
	<install for="1.1 - 1.1.99">
		<require-dir name="portuguese" destination="LANGUAGEDIR" />
		<require-file name="agreement.portuguese.txt" destination="BOARDDIR" />
	</install>
	<uninstall for="1.1 - 1.1.99">
		<remove-dir name="LANGUAGEDIR/portuguese" />
		<remove-dir name="BOARDDIR/agreement.portuguese.txt" />
	</uninstall>
</package-info>