<?xml version="1.0"?>
<!DOCTYPE package-info SYSTEM "http://www.elkarte.net/site/package-info">
<package-info xmlns="http://www.elkarte.net/site/package-info" xmlns:elk="http://www.elkarte.net/">
	<!--
/**
 * @name      ElkArte Forum Thai translation
 * @copyright ElkArte Forum Thai translation contributors
 * @license   BSD http://opensource.org/licenses/BSD-3-Clause
 */
 -->
	<id>elk_thai_contribs:elk_thai</id>
	<name>ElkArte Forum Thai translation</name>
	<version>1.1.3</version>
	<type>language</type>
	<install for="1.1 - 1.1.99">
		<require-dir name="thai" destination="LANGUAGEDIR" />
		<require-file name="agreement.thai.txt" destination="BOARDDIR" />
	</install>
	<uninstall for="1.1 - 1.1.99">
		<remove-dir name="LANGUAGEDIR/thai" />
		<remove-dir name="BOARDDIR/agreement.thai.txt" />
	</uninstall>
</package-info>