<?xml version="1.0"?>
<!DOCTYPE package-info SYSTEM "http://www.elkarte.net/site/package-info">
<package-info xmlns="http://www.elkarte.net/site/package-info" xmlns:elk="http://www.elkarte.net/">
	<!--
/**
 * @name      ElkArte Forum Italian translation
 * @copyright ElkArte Forum Italian translation contributors
 * @license   BSD http://opensource.org/licenses/BSD-3-Clause
 */
 -->
	<id>elk_italian_contribs:elk_italian</id>
	<name>ElkArte Forum Italian translation</name>
	<version>1.1.3</version>
	<type>language</type>
	<install for="1.1 - 1.1.99">
		<require-dir name="italian" destination="LANGUAGEDIR" />
		<require-file name="agreement.italian.txt" destination="BOARDDIR" />
	</install>
	<uninstall for="1.1 - 1.1.99">
		<remove-dir name="LANGUAGEDIR/italian" />
		<remove-dir name="BOARDDIR/agreement.italian.txt" />
	</uninstall>
</package-info>