<?xml version="1.0"?>
<!DOCTYPE package-info SYSTEM "http://www.elkarte.net/site/package-info">
<package-info xmlns="http://www.elkarte.net/site/package-info" xmlns:elk="http://www.elkarte.net/">
	<!--
/**
 * @name      ElkArte Forum Finnish translation
 * @copyright ElkArte Forum Finnish translation contributors
 * @license   BSD http://opensource.org/licenses/BSD-3-Clause
 */
 -->
	<id>elk_finnish_contribs:elk_finnish</id>
	<name>ElkArte Forum Finnish translation</name>
	<version>1.1.3</version>
	<type>language</type>
	<install for="1.1 - 1.1.99">
		<require-dir name="finnish" destination="LANGUAGEDIR" />
		<require-file name="agreement.finnish.txt" destination="BOARDDIR" />
	</install>
	<uninstall for="1.1 - 1.1.99">
		<remove-dir name="LANGUAGEDIR/finnish" />
		<remove-dir name="BOARDDIR/agreement.finnish.txt" />
	</uninstall>
</package-info>