<?xml version="1.0"?>
<!DOCTYPE package-info SYSTEM "http://www.elkarte.net/site/package-info">
<package-info xmlns="http://www.elkarte.net/site/package-info" xmlns:elk="http://www.elkarte.net/">
	<!--
/**
 * @name      ElkArte Forum Greek translation
 * @copyright ElkArte Forum Greek translation contributors
 * @license   BSD http://opensource.org/licenses/BSD-3-Clause
 */
 -->
	<id>elk_greek_contribs:elk_greek</id>
	<name>ElkArte Forum Greek translation</name>
	<version>1.1.3</version>
	<type>language</type>
	<install for="1.1 - 1.1.99">
		<require-dir name="greek" destination="LANGUAGEDIR" />
		<require-file name="agreement.greek.txt" destination="BOARDDIR" />
	</install>
	<uninstall for="1.1 - 1.1.99">
		<remove-dir name="LANGUAGEDIR/greek" />
		<remove-dir name="BOARDDIR/agreement.greek.txt" />
	</uninstall>
</package-info>