<?xml version="1.0"?>
<!DOCTYPE package-info SYSTEM "http://www.elkarte.net/site/package-info">
<package-info xmlns="http://www.elkarte.net/site/package-info" xmlns:elk="http://www.elkarte.net/">
	<!--
/**
 * @name      ElkArte Forum Russian translation
 * @copyright ElkArte Forum Russian translation contributors
 * @license   BSD http://opensource.org/licenses/BSD-3-Clause
 */
 -->
	<id>elk_russian_contribs:elk_russian</id>
	<name>ElkArte Forum Russian translation</name>
	<version>1.1.3</version>
	<type>language</type>
	<install for="1.1 - 1.1.99">
		<require-dir name="russian" destination="LANGUAGEDIR" />
		<require-file name="agreement.russian.txt" destination="BOARDDIR" />
	</install>
	<uninstall for="1.1 - 1.1.99">
		<remove-dir name="LANGUAGEDIR/russian" />
		<remove-dir name="BOARDDIR/agreement.russian.txt" />
	</uninstall>
</package-info>