<?xml version="1.0"?>
<!DOCTYPE package-info SYSTEM "http://www.elkarte.net/site/package-info">
<package-info xmlns="http://www.elkarte.net/site/package-info" xmlns:elk="http://www.elkarte.net/">
	<!--
/**
 * @name      ElkArte Forum Kashmiri translation
 * @copyright ElkArte Forum Kashmiri translation contributors
 * @license   BSD http://opensource.org/licenses/BSD-3-Clause
 */
 -->
	<id>elk_kashmiri_contribs:elk_kashmiri</id>
	<name>ElkArte Forum Kashmiri translation</name>
	<version>1.1.3</version>
	<type>language</type>
	<install for="1.1 - 1.1.99">
		<require-dir name="kashmiri" destination="LANGUAGEDIR" />
		<require-file name="agreement.kashmiri.txt" destination="BOARDDIR" />
	</install>
	<uninstall for="1.1 - 1.1.99">
		<remove-dir name="LANGUAGEDIR/kashmiri" />
		<remove-dir name="BOARDDIR/agreement.kashmiri.txt" />
	</uninstall>
</package-info>