<?xml version="1.0"?>
<!DOCTYPE package-info SYSTEM "http://www.elkarte.net/site/package-info">
<package-info xmlns="http://www.elkarte.net/site/package-info" xmlns:elk="http://www.elkarte.net/">
	<!--
/**
 * @name      ElkArte Forum Indonesian translation
 * @copyright ElkArte Forum Indonesian translation contributors
 * @license   BSD http://opensource.org/licenses/BSD-3-Clause
 */
 -->
	<id>elk_indonesian_contribs:elk_indonesian</id>
	<name>ElkArte Forum Indonesian translation</name>
	<version>1.1.3</version>
	<type>language</type>
	<install for="1.1 - 1.1.99">
		<require-dir name="indonesian" destination="LANGUAGEDIR" />
		<require-file name="agreement.indonesian.txt" destination="BOARDDIR" />
	</install>
	<uninstall for="1.1 - 1.1.99">
		<remove-dir name="LANGUAGEDIR/indonesian" />
		<remove-dir name="BOARDDIR/agreement.indonesian.txt" />
	</uninstall>
</package-info>