<?xml version="1.0"?>
<!DOCTYPE package-info SYSTEM "http://www.elkarte.net/site/package-info">
<package-info xmlns="http://www.elkarte.net/site/package-info" xmlns:elk="http://www.elkarte.net/">
	<!--
/**
 * @name      ElkArte Forum Malay translation
 * @copyright ElkArte Forum Malay translation contributors
 * @license   BSD http://opensource.org/licenses/BSD-3-Clause
 */
 -->
	<id>elk_malay_contribs:elk_malay</id>
	<name>ElkArte Forum Malay translation</name>
	<version>1.1.3</version>
	<type>language</type>
	<install for="1.1 - 1.1.99">
		<require-dir name="malay" destination="LANGUAGEDIR" />
		<require-file name="agreement.malay.txt" destination="BOARDDIR" />
	</install>
	<uninstall for="1.1 - 1.1.99">
		<remove-dir name="LANGUAGEDIR/malay" />
		<remove-dir name="BOARDDIR/agreement.malay.txt" />
	</uninstall>
</package-info>