<?xml version="1.0"?>
<!DOCTYPE package-info SYSTEM "http://www.elkarte.net/site/package-info">
<package-info xmlns="http://www.elkarte.net/site/package-info" xmlns:elk="http://www.elkarte.net/">
	<!--
/**
 * @name      ElkArte Forum Spanish-argentina translation
 * @copyright ElkArte Forum Spanish-argentina translation contributors
 * @license   BSD http://opensource.org/licenses/BSD-3-Clause
 */
 -->
	<id>elk_spanish-argentina_contribs:elk_spanish-argentina</id>
	<name>ElkArte Forum Spanish-argentina translation</name>
	<version>1.1.3</version>
	<type>language</type>
	<install for="1.1 - 1.1.99">
		<require-dir name="spanish-argentina" destination="LANGUAGEDIR" />
		<require-file name="agreement.spanish-argentina.txt" destination="BOARDDIR" />
	</install>
	<uninstall for="1.1 - 1.1.99">
		<remove-dir name="LANGUAGEDIR/spanish-argentina" />
		<remove-dir name="BOARDDIR/agreement.spanish-argentina.txt" />
	</uninstall>
</package-info>