<?xml version="1.0"?>
<!DOCTYPE package-info SYSTEM "http://www.elkarte.net/site/package-info">
<package-info xmlns="http://www.elkarte.net/site/package-info" xmlns:elk="http://www.elkarte.net/">
	<!--
/**
 * @name      ElkArte Forum Swedish translation
 * @copyright ElkArte Forum Swedish translation contributors
 * @license   BSD http://opensource.org/licenses/BSD-3-Clause
 */
 -->
	<id>elk_swedish_contribs:elk_swedish</id>
	<name>ElkArte Forum Swedish translation</name>
	<version>1.1.3</version>
	<type>language</type>
	<install for="1.1 - 1.1.99">
		<require-dir name="swedish" destination="LANGUAGEDIR" />
		<require-file name="agreement.swedish.txt" destination="BOARDDIR" />
	</install>
	<uninstall for="1.1 - 1.1.99">
		<remove-dir name="LANGUAGEDIR/swedish" />
		<remove-dir name="BOARDDIR/agreement.swedish.txt" />
	</uninstall>
</package-info>