<?xml version="1.0"?>
<!DOCTYPE package-info SYSTEM "http://www.elkarte.net/site/package-info">
<package-info xmlns="http://www.elkarte.net/site/package-info" xmlns:elk="http://www.elkarte.net/">
	<!--
/**
 * @name      ElkArte Forum Uk translation
 * @copyright ElkArte Forum Uk translation contributors
 * @license   BSD http://opensource.org/licenses/BSD-3-Clause
 */
 -->
	<id>elk_uk_contribs:elk_uk</id>
	<name>ElkArte Forum Uk translation</name>
	<version>1.1.3</version>
	<type>language</type>
	<install for="1.1 - 1.1.99">
		<require-dir name="uk" destination="LANGUAGEDIR" />
		<require-file name="agreement.uk.txt" destination="BOARDDIR" />
	</install>
	<uninstall for="1.1 - 1.1.99">
		<remove-dir name="LANGUAGEDIR/uk" />
		<remove-dir name="BOARDDIR/agreement.uk.txt" />
	</uninstall>
</package-info>