<?xml version="1.0"?>
<!DOCTYPE package-info SYSTEM "http://www.elkarte.net/site/package-info">
<package-info xmlns="http://www.elkarte.net/site/package-info" xmlns:elk="http://www.elkarte.net/">
	<!--
/**
 * @name      ElkArte Forum Sk translation
 * @copyright ElkArte Forum Sk translation contributors
 * @license   BSD http://opensource.org/licenses/BSD-3-Clause
 */
 -->
	<id>elk_sk_contribs:elk_sk</id>
	<name>ElkArte Forum Sk translation</name>
	<version>1.1.3</version>
	<type>language</type>
	<install for="1.1 - 1.1.99">
		<require-dir name="sk" destination="LANGUAGEDIR" />
		<require-file name="agreement.sk.txt" destination="BOARDDIR" />
	</install>
	<uninstall for="1.1 - 1.1.99">
		<remove-dir name="LANGUAGEDIR/sk" />
		<remove-dir name="BOARDDIR/agreement.sk.txt" />
	</uninstall>
</package-info>