<?xml version="1.0"?>
<!DOCTYPE package-info SYSTEM "http://www.elkarte.net/site/package-info">
<package-info xmlns="http://www.elkarte.net/site/package-info" xmlns:elk="http://www.elkarte.net/">
	<!--
/**
 * @name      ElkArte Forum Danish translation
 * @copyright ElkArte Forum Danish translation contributors
 * @license   BSD http://opensource.org/licenses/BSD-3-Clause
 */
 -->
	<id>elk_danish_contribs:elk_danish</id>
	<name>ElkArte Forum Danish translation</name>
	<version>1.1.3</version>
	<type>language</type>
	<install for="1.1 - 1.1.99">
		<require-dir name="danish" destination="LANGUAGEDIR" />
		<require-file name="agreement.danish.txt" destination="BOARDDIR" />
	</install>
	<uninstall for="1.1 - 1.1.99">
		<remove-dir name="LANGUAGEDIR/danish" />
		<remove-dir name="BOARDDIR/agreement.danish.txt" />
	</uninstall>
</package-info>