<?xml version="1.0"?>
<!DOCTYPE package-info SYSTEM "http://www.elkarte.net/site/package-info">
<package-info xmlns="http://www.elkarte.net/site/package-info" xmlns:elk="http://www.elkarte.net/">
	<!--
/**
 * @name      ElkArte Forum Norwegian translation
 * @copyright ElkArte Forum Norwegian translation contributors
 * @license   BSD http://opensource.org/licenses/BSD-3-Clause
 */
 -->
	<id>elk_norwegian_contribs:elk_norwegian</id>
	<name>ElkArte Forum Norwegian translation</name>
	<version>1.1.3</version>
	<type>language</type>
	<install for="1.1 - 1.1.99">
		<require-dir name="norwegian" destination="LANGUAGEDIR" />
		<require-file name="agreement.norwegian.txt" destination="BOARDDIR" />
	</install>
	<uninstall for="1.1 - 1.1.99">
		<remove-dir name="LANGUAGEDIR/norwegian" />
		<remove-dir name="BOARDDIR/agreement.norwegian.txt" />
	</uninstall>
</package-info>