<?xml version="1.0"?>
<!DOCTYPE package-info SYSTEM "http://www.elkarte.net/site/package-info">
<package-info xmlns="http://www.elkarte.net/site/package-info" xmlns:elk="http://www.elkarte.net/">
	<!--
/**
 * @name      ElkArte Forum Tamil-india translation
 * @copyright ElkArte Forum Tamil-india translation contributors
 * @license   BSD http://opensource.org/licenses/BSD-3-Clause
 */
 -->
	<id>elk_tamil-india_contribs:elk_tamil-india</id>
	<name>ElkArte Forum Tamil-india translation</name>
	<version>1.1.3</version>
	<type>language</type>
	<install for="1.1 - 1.1.99">
		<require-dir name="tamil-india" destination="LANGUAGEDIR" />
		<require-file name="agreement.tamil-india.txt" destination="BOARDDIR" />
	</install>
	<uninstall for="1.1 - 1.1.99">
		<remove-dir name="LANGUAGEDIR/tamil-india" />
		<remove-dir name="BOARDDIR/agreement.tamil-india.txt" />
	</uninstall>
</package-info>