<?xml version="1.0"?>
<!DOCTYPE package-info SYSTEM "http://www.elkarte.net/site/package-info">
<package-info xmlns="http://www.elkarte.net/site/package-info" xmlns:elk="http://www.elkarte.net/">
	<!--
/**
 * @name      ElkArte Forum Romanian translation
 * @copyright ElkArte Forum Romanian translation contributors
 * @license   BSD http://opensource.org/licenses/BSD-3-Clause
 */
 -->
	<id>elk_romanian_contribs:elk_romanian</id>
	<name>ElkArte Forum Romanian translation</name>
	<version>1.1.3</version>
	<type>language</type>
	<install for="1.1 - 1.1.99">
		<require-dir name="romanian" destination="LANGUAGEDIR" />
		<require-file name="agreement.romanian.txt" destination="BOARDDIR" />
	</install>
	<uninstall for="1.1 - 1.1.99">
		<remove-dir name="LANGUAGEDIR/romanian" />
		<remove-dir name="BOARDDIR/agreement.romanian.txt" />
	</uninstall>
</package-info>