<?xml version="1.0"?>
<!DOCTYPE package-info SYSTEM "http://www.elkarte.net/site/package-info">
<package-info xmlns="http://www.elkarte.net/site/package-info" xmlns:elk="http://www.elkarte.net/">
	<!--
/**
 * @name      ElkArte Forum Dutch translation
 * @copyright ElkArte Forum Dutch translation contributors
 * @license   BSD http://opensource.org/licenses/BSD-3-Clause
 */
 -->
	<id>elk_dutch_contribs:elk_dutch</id>
	<name>ElkArte Forum Dutch translation</name>
	<version>1.1.3</version>
	<type>language</type>
	<install for="1.1 - 1.1.99">
		<require-dir name="dutch" destination="LANGUAGEDIR" />
		<require-file name="agreement.dutch.txt" destination="BOARDDIR" />
	</install>
	<uninstall for="1.1 - 1.1.99">
		<remove-dir name="LANGUAGEDIR/dutch" />
		<remove-dir name="BOARDDIR/agreement.dutch.txt" />
	</uninstall>
</package-info>