<?xml version="1.0"?>
<!DOCTYPE package-info SYSTEM "http://www.elkarte.net/site/package-info">
<package-info xmlns="http://www.elkarte.net/site/package-info" xmlns:elk="http://www.elkarte.net/">
	<!--
/**
 * @name      ElkArte Forum Portuguese-brazil translation
 * @copyright ElkArte Forum Portuguese-brazil translation contributors
 * @license   BSD http://opensource.org/licenses/BSD-3-Clause
 */
 -->
	<id>elk_portuguese-brazil_contribs:elk_portuguese-brazil</id>
	<name>ElkArte Forum Portuguese-brazil translation</name>
	<version>1.1.3</version>
	<type>language</type>
	<install for="1.1 - 1.1.99">
		<require-dir name="portuguese-brazil" destination="LANGUAGEDIR" />
		<require-file name="agreement.portuguese-brazil.txt" destination="BOARDDIR" />
	</install>
	<uninstall for="1.1 - 1.1.99">
		<remove-dir name="LANGUAGEDIR/portuguese-brazil" />
		<remove-dir name="BOARDDIR/agreement.portuguese-brazil.txt" />
	</uninstall>
</package-info>