<?xml version="1.0"?>
<!DOCTYPE package-info SYSTEM "http://www.elkarte.net/site/package-info">
<package-info xmlns="http://www.elkarte.net/site/package-info" xmlns:elk="http://www.elkarte.net/">
	<!--
/**
 * @name      ElkArte Forum Spanish translation
 * @copyright ElkArte Forum Spanish translation contributors
 * @license   BSD http://opensource.org/licenses/BSD-3-Clause
 */
 -->
	<id>elk_spanish_contribs:elk_spanish</id>
	<name>ElkArte Forum Spanish translation</name>
	<version>1.1.3</version>
	<type>language</type>
	<install for="1.1 - 1.1.99">
		<require-dir name="spanish" destination="LANGUAGEDIR" />
		<require-file name="agreement.spanish.txt" destination="BOARDDIR" />
	</install>
	<uninstall for="1.1 - 1.1.99">
		<remove-dir name="LANGUAGEDIR/spanish" />
		<remove-dir name="BOARDDIR/agreement.spanish.txt" />
	</uninstall>
</package-info>